Kode_Saham,Nama_Perusahaan,Sektor,Papan_Pencatatan
AALI,PT AALI Indonesia Tbk,Consumer Staples,Papan Utama
ABBA,PT ABBA Indonesia Tbk,Transportation & Logistics,Papan Pengembangan
ABMM,PT ABMM Indonesia Tbk,Industrials,Papan Pengembangan
ACES,PT ACES Indonesia Tbk,Consumer Discretionary,Papan Pemantauan Khusus
ACST,PT ACST Indonesia Tbk,Technology,Papan Utama
ADCP,PT ADCP Indonesia Tbk,Healthcare,Papan Pengembangan
ADES,PT ADES Indonesia Tbk,Transportation & Logistics,Papan Utama
ADMR,PT ADMR Indonesia Tbk,Consumer Discretionary,Papan Utama
ADRO,PT ADRO Indonesia Tbk,Properties & Real Estate,Papan Utama
AGAR,PT AGAR Indonesia Tbk,Consumer Staples,Papan Ekonomi Baru
AGII,PT AGII Indonesia Tbk,Technology,Papan Utama
AIMS,PT AIMS Indonesia Tbk,Consumer Discretionary,Papan Ekonomi Baru
AKPI,PT AKPI Indonesia Tbk,Properties & Real Estate,Papan Utama
AKRA,PT AKRA Indonesia Tbk,Energy,Papan Utama
ALDO,PT ALDO Indonesia Tbk,Technology,Papan Akselerasi
ALKA,PT ALKA Indonesia Tbk,Consumer Staples,Papan Pengembangan
AMAR,PT AMAR Indonesia Tbk,Financials,Papan Pengembangan
AMFG,PT AMFG Indonesia Tbk,Healthcare,Papan Pengembangan
AMIN,PT AMIN Indonesia Tbk,Infrastructures,Papan Pengembangan
AMRT,PT AMRT Indonesia Tbk,Properties & Real Estate,Papan Pengembangan
ANDI,PT ANDI Indonesia Tbk,Consumer Staples,Papan Pengembangan
ANTM,PT ANTM Indonesia Tbk,Industrials,Papan Utama
APEX,PT APEX Indonesia Tbk,Properties & Real Estate,Papan Pengembangan
APIC,PT APIC Indonesia Tbk,Consumer Discretionary,Papan Pengembangan
APLN,PT APLN Indonesia Tbk,Consumer Discretionary,Papan Utama
ARKO,PT ARKO Indonesia Tbk,Properties & Real Estate,Papan Pemantauan Khusus
ARMR,PT ARMR Indonesia Tbk,Consumer Staples,Papan Pengembangan
ARTO,PT ARTO Indonesia Tbk,Technology,Papan Ekonomi Baru
ASBI,PT ASBI Indonesia Tbk,Infrastructures,Papan Pemantauan Khusus
ASD_A,PT ASD_A Indonesia Tbk,Healthcare,Papan Pengembangan
ASGR,PT ASGR Indonesia Tbk,Basic Materials,Papan Pengembangan
ASHA,PT ASHA Indonesia Tbk,Infrastructures,Papan Pengembangan
ASII,PT ASII Indonesia Tbk,Healthcare,Papan Pemantauan Khusus
ASRI,PT ASRI Indonesia Tbk,Financials,Papan Pengembangan
ATAP,PT ATAP Indonesia Tbk,Industrials,Papan Pengembangan
AUTO,PT AUTO Indonesia Tbk,Consumer Staples,Papan Pengembangan
AXIO,PT AXIO Indonesia Tbk,Healthcare,Papan Utama
BABP,PT BABP Indonesia Tbk,Technology,Papan Utama
BACA,PT BACA Indonesia Tbk,Technology,Papan Pengembangan
BAJA,PT BAJA Indonesia Tbk,Industrials,Papan Pengembangan
BANK,PT BANK Indonesia Tbk,Financials,Papan Pengembangan
BATA,PT BATA Indonesia Tbk,Technology,Papan Pengembangan
BBCA,PT BBCA Indonesia Tbk,Consumer Staples,Papan Pengembangan
BBNI,PT BBNI Indonesia Tbk,Consumer Discretionary,Papan Akselerasi
BBRI,PT BBRI Indonesia Tbk,Energy,Papan Utama
BBTN,PT BBTN Indonesia Tbk,Consumer Staples,Papan Pengembangan
BBYB,PT BBYB Indonesia Tbk,Consumer Discretionary,Papan Utama
BCAP,PT BCAP Indonesia Tbk,Transportation & Logistics,Papan Pengembangan
BCIC,PT BCIC Indonesia Tbk,Financials,Papan Utama
BDMN,PT BDMN Indonesia Tbk,Transportation & Logistics,Papan Utama
BEBS,PT BEBS Indonesia Tbk,Financials,Papan Utama
BESS,PT BESS Indonesia Tbk,Transportation & Logistics,Papan Utama
BEST,PT BEST Indonesia Tbk,Consumer Discretionary,Papan Pengembangan
BGTG,PT BGTG Indonesia Tbk,Infrastructures,Papan Pengembangan
BIKE,PT BIKE Indonesia Tbk,Consumer Discretionary,Papan Utama
BIRD,PT BIRD Indonesia Tbk,Energy,Papan Utama
BISI,PT BISI Indonesia Tbk,Consumer Discretionary,Papan Akselerasi
BJBR,PT BJBR Indonesia Tbk,Healthcare,Papan Pengembangan
BJTM,PT BJTM Indonesia Tbk,Properties & Real Estate,Papan Utama
BKDP,PT BKDP Indonesia Tbk,Infrastructures,Papan Pengembangan
BKSL,PT BKSL Indonesia Tbk,Healthcare,Papan Ekonomi Baru
BKSW,PT BKSW Indonesia Tbk,Financials,Papan Utama
BLTZ,PT BLTZ Indonesia Tbk,Technology,Papan Utama
BLUE,PT BLUE Indonesia Tbk,Industrials,Papan Utama
BMAS,PT BMAS Indonesia Tbk,Energy,Papan Ekonomi Baru
BMRI,PT BMRI Indonesia Tbk,Transportation & Logistics,Papan Utama
BMSR,PT BMSR Indonesia Tbk,Technology,Papan Utama
BMTR,PT BMTR Indonesia Tbk,Consumer Staples,Papan Utama
BNBA,PT BNBA Indonesia Tbk,Transportation & Logistics,Papan Pengembangan
BNGA,PT BNGA Indonesia Tbk,Technology,Papan Pengembangan
BNII,PT BNII Indonesia Tbk,Healthcare,Papan Pengembangan
BNLI,PT BNLI Indonesia Tbk,Properties & Real Estate,Papan Pengembangan
BOBA,PT BOBA Indonesia Tbk,Technology,Papan Utama
BOLA,PT BOLA Indonesia Tbk,Consumer Staples,Papan Pengembangan
BOLT,PT BOLT Indonesia Tbk,Consumer Discretionary,Papan Utama
BPTR,PT BPTR Indonesia Tbk,Technology,Papan Utama
BRAM,PT BRAM Indonesia Tbk,Healthcare,Papan Utama
BRIS,PT BRIS Indonesia Tbk,Healthcare,Papan Pengembangan
BRMS,PT BRMS Indonesia Tbk,Transportation & Logistics,Papan Pengembangan
BRPT,PT BRPT Indonesia Tbk,Consumer Discretionary,Papan Pengembangan
BSDE,PT BSDE Indonesia Tbk,Energy,Papan Pengembangan
BSIM,PT BSIM Indonesia Tbk,Industrials,Papan Pengembangan
BSML,PT BSML Indonesia Tbk,Financials,Papan Pengembangan
BSSR,PT BSSR Indonesia Tbk,Financials,Papan Utama
BTPS,PT BTPS Indonesia Tbk,Industrials,Papan Utama
BUAH,PT BUAH Indonesia Tbk,Consumer Discretionary,Papan Pengembangan
BUDI,PT BUDI Indonesia Tbk,Energy,Papan Pengembangan
BUKK,PT BUKK Indonesia Tbk,Consumer Staples,Papan Utama
BUKA,PT BUKA Indonesia Tbk,Consumer Staples,Papan Pemantauan Khusus
BUMI,PT BUMI Indonesia Tbk,Technology,Papan Utama
BUVA,PT BUVA Indonesia Tbk,Consumer Discretionary,Papan Utama
BYAN,PT BYAN Indonesia Tbk,Financials,Papan Utama
CAKK,PT CAKK Indonesia Tbk,Technology,Papan Ekonomi Baru
CAMP,PT CAMP Indonesia Tbk,Consumer Discretionary,Papan Pengembangan
CARS,PT CARS Indonesia Tbk,Technology,Papan Pengembangan
CASH,PT CASH Indonesia Tbk,Consumer Staples,Papan Akselerasi
CASS,PT CASS Indonesia Tbk,Basic Materials,Papan Ekonomi Baru
CBIE,PT CBIE Indonesia Tbk,Healthcare,Papan Pengembangan
CBRE,PT CBRE Indonesia Tbk,Healthcare,Papan Pengembangan
CCSI,PT CCSI Indonesia Tbk,Consumer Staples,Papan Pengembangan
CEKA,PT CEKA Indonesia Tbk,Infrastructures,Papan Utama
CENT,PT CENT Indonesia Tbk,Basic Materials,Papan Pengembangan
CFIN,PT CFIN Indonesia Tbk,Healthcare,Papan Pengembangan
CGAS,PT CGAS Indonesia Tbk,Consumer Discretionary,Papan Utama
CINT,PT CINT Indonesia Tbk,Consumer Staples,Papan Pengembangan
CPRO,PT CPRO Indonesia Tbk,Healthcare,Papan Utama
CRAB,PT CRAB Indonesia Tbk,Healthcare,Papan Pengembangan
CSAP,PT CSAP Indonesia Tbk,Transportation & Logistics,Papan Pemantauan Khusus
CSIS,PT CSIS Indonesia Tbk,Energy,Papan Utama
CTRA,PT CTRA Indonesia Tbk,Transportation & Logistics,Papan Pengembangan
CTTH,PT CTTH Indonesia Tbk,Consumer Staples,Papan Pemantauan Khusus
DADA,PT DADA Indonesia Tbk,Properties & Real Estate,Papan Pengembangan
DEAL,PT DEAL Indonesia Tbk,Industrials,Papan Pengembangan
DEWI,PT DEWI Indonesia Tbk,Healthcare,Papan Utama
DGNS,PT DGNS Indonesia Tbk,Healthcare,Papan Utama
DIGI,PT DIGI Indonesia Tbk,Basic Materials,Papan Pengembangan
DGIK,PT DGIK Indonesia Tbk,Infrastructures,Papan Pengembangan
DKFT,PT DKFT Indonesia Tbk,Basic Materials,Papan Utama
DMAS,PT DMAS Indonesia Tbk,Infrastructures,Papan Pengembangan
DMMX,PT DMMX Indonesia Tbk,Financials,Papan Utama
DNAR,PT DNAR Indonesia Tbk,Financials,Papan Pengembangan
DOID,PT DOID Indonesia Tbk,Industrials,Papan Utama
DPUM,PT DPUM Indonesia Tbk,Transportation & Logistics,Papan Pengembangan
DSFI,PT DSFI Indonesia Tbk,Industrials,Papan Pengembangan
DSNG,PT DSNG Indonesia Tbk,Industrials,Papan Pengembangan
DSSA,PT DSSA Indonesia Tbk,Energy,Papan Ekonomi Baru
DUCK,PT DUCK Indonesia Tbk,Industrials,Papan Utama
DWGL,PT DWGL Indonesia Tbk,Infrastructures,Papan Utama
EAST,PT EAST Indonesia Tbk,Healthcare,Papan Pengembangan
ECII,PT ECII Indonesia Tbk,Consumer Staples,Papan Pengembangan
EDGE,PT EDGE Indonesia Tbk,Technology,Papan Pengembangan
ELIT,PT ELIT Indonesia Tbk,Properties & Real Estate,Papan Ekonomi Baru
ELSA,PT ELSA Indonesia Tbk,Consumer Discretionary,Papan Pemantauan Khusus
EMTK,PT EMTK Indonesia Tbk,Industrials,Papan Utama
ENRG,PT ENRG Indonesia Tbk,Infrastructures,Papan Pengembangan
EPAC,PT EPAC Indonesia Tbk,Financials,Papan Pengembangan
ERTX,PT ERTX Indonesia Tbk,Infrastructures,Papan Utama
ESIP,PT ESIP Indonesia Tbk,Properties & Real Estate,Papan Pengembangan
ESSA,PT ESSA Indonesia Tbk,Healthcare,Papan Pengembangan
ESTA,PT ESTA Indonesia Tbk,Energy,Papan Pengembangan
ESTI,PT ESTI Indonesia Tbk,Industrials,Papan Pengembangan
ETWA,PT ETWA Indonesia Tbk,Basic Materials,Papan Utama
EXCL,PT EXCL Indonesia Tbk,Financials,Papan Pengembangan
FAPA,PT FAPA Indonesia Tbk,Transportation & Logistics,Papan Pengembangan
FAST,PT FAST Indonesia Tbk,Healthcare,Papan Pengembangan
FASW,PT FASW Indonesia Tbk,Energy,Papan Utama
FILM,PT FILM Indonesia Tbk,Basic Materials,Papan Ekonomi Baru
FINT,PT FINT Indonesia Tbk,Basic Materials,Papan Pengembangan
FIRE,PT FIRE Indonesia Tbk,Consumer Staples,Papan Utama
FKSF,PT FKSF Indonesia Tbk,Properties & Real Estate,Papan Utama
FMII,PT FMII Indonesia Tbk,Financials,Papan Utama
FOLK,PT FOLK Indonesia Tbk,Basic Materials,Papan Pengembangan
FORU,PT FORU Indonesia Tbk,Industrials,Papan Utama
FPNI,PT FPNI Indonesia Tbk,Transportation & Logistics,Papan Utama
FREN,PT FREN Indonesia Tbk,Energy,Papan Utama
FUJI,PT FUJI Indonesia Tbk,Financials,Papan Utama
FWCT,PT FWCT Indonesia Tbk,Industrials,Papan Ekonomi Baru
GAMA,PT GAMA Indonesia Tbk,Infrastructures,Papan Pengembangan
GDYR,PT GDYR Indonesia Tbk,Financials,Papan Utama
GEMS,PT GEMS Indonesia Tbk,Consumer Discretionary,Papan Pengembangan
GEMA,PT GEMA Indonesia Tbk,Properties & Real Estate,Papan Pengembangan
GENF,PT GENF Indonesia Tbk,Properties & Real Estate,Papan Utama
GGRP,PT GGRP Indonesia Tbk,Technology,Papan Pengembangan
GHON,PT GHON Indonesia Tbk,Industrials,Papan Pengembangan
GIAA,PT GIAA Indonesia Tbk,Industrials,Papan Pengembangan
GJTL,PT GJTL Indonesia Tbk,Basic Materials,Papan Pengembangan
GLOB,PT GLOB Indonesia Tbk,Healthcare,Papan Pengembangan
GLVA,PT GLVA Indonesia Tbk,Infrastructures,Papan Pengembangan
GMFI,PT GMFI Indonesia Tbk,Energy,Papan Pengembangan
GMTD,PT GMTD Indonesia Tbk,Healthcare,Papan Utama
GOLD,PT GOLD Indonesia Tbk,Basic Materials,Papan Utama
GOTO,PT GOTO Indonesia Tbk,Energy,Papan Utama
GPRA,PT GPRA Indonesia Tbk,Infrastructures,Papan Pengembangan
GPSO,PT GPSO Indonesia Tbk,Healthcare,Papan Ekonomi Baru
GSMF,PT GSMF Indonesia Tbk,Technology,Papan Utama
GULA,PT GULA Indonesia Tbk,Financials,Papan Pengembangan
GUMN,PT GUMN Indonesia Tbk,Basic Materials,Papan Pengembangan
GZCO,PT GZCO Indonesia Tbk,Infrastructures,Papan Pemantauan Khusus
HADE,PT HADE Indonesia Tbk,Infrastructures,Papan Utama
HAIS,PT HAIS Indonesia Tbk,Healthcare,Papan Akselerasi
HALO,PT HALO Indonesia Tbk,Consumer Discretionary,Papan Pengembangan
HATM,PT HATM Indonesia Tbk,Consumer Discretionary,Papan Utama
HDIT,PT HDIT Indonesia Tbk,Consumer Staples,Papan Utama
HEAL,PT HEAL Indonesia Tbk,Healthcare,Papan Utama
HELI,PT HELI Indonesia Tbk,Industrials,Papan Pengembangan
HERO,PT HERO Indonesia Tbk,Basic Materials,Papan Utama
HEXA,PT HEXA Indonesia Tbk,Healthcare,Papan Utama
HITS,PT HITS Indonesia Tbk,Healthcare,Papan Pengembangan
HKMU,PT HKMU Indonesia Tbk,Basic Materials,Papan Pengembangan
HMSP,PT HMSP Indonesia Tbk,Healthcare,Papan Pengembangan
HOKI,PT HOKI Indonesia Tbk,Technology,Papan Akselerasi
HOME,PT HOME Indonesia Tbk,Energy,Papan Utama
HOPE,PT HOPE Indonesia Tbk,Transportation & Logistics,Papan Pengembangan
HRME,PT HRME Indonesia Tbk,Financials,Papan Utama
HRTA,PT HRTA Indonesia Tbk,Transportation & Logistics,Papan Ekonomi Baru
HRUM,PT HRUM Indonesia Tbk,Properties & Real Estate,Papan Ekonomi Baru
HUMI,PT HUMI Indonesia Tbk,Healthcare,Papan Utama
HYGN,PT HYGN Indonesia Tbk,Consumer Staples,Papan Pemantauan Khusus
IATA,PT IATA Indonesia Tbk,Technology,Papan Utama
IBFN,PT IBFN Indonesia Tbk,Financials,Papan Pengembangan
IBST,PT IBST Indonesia Tbk,Transportation & Logistics,Papan Pengembangan
ICBP,PT ICBP Indonesia Tbk,Transportation & Logistics,Papan Pengembangan
ICON,PT ICON Indonesia Tbk,Properties & Real Estate,Papan Pengembangan
IDEA,PT IDEA Indonesia Tbk,Consumer Staples,Papan Pemantauan Khusus
IDPR,PT IDPR Indonesia Tbk,Infrastructures,Papan Pengembangan
IFII,PT IFII Indonesia Tbk,Infrastructures,Papan Utama
IGAR,PT IGAR Indonesia Tbk,Basic Materials,Papan Pengembangan
IKAI,PT IKAI Indonesia Tbk,Technology,Papan Pengembangan
IKAN,PT IKAN Indonesia Tbk,Financials,Papan Utama
IMAS,PT IMAS Indonesia Tbk,Transportation & Logistics,Papan Utama
IMJS,PT IMJS Indonesia Tbk,Technology,Papan Utama
INAF,PT INAF Indonesia Tbk,Healthcare,Papan Pengembangan
INAI,PT INAI Indonesia Tbk,Industrials,Papan Utama
INCO,PT INCO Indonesia Tbk,Basic Materials,Papan Pengembangan
INDF,PT INDF Indonesia Tbk,Transportation & Logistics,Papan Utama
INDS,PT INDS Indonesia Tbk,Properties & Real Estate,Papan Pemantauan Khusus
INDX,PT INDX Indonesia Tbk,Transportation & Logistics,Papan Utama
INKP,PT INKP Indonesia Tbk,Industrials,Papan Pengembangan
INPC,PT INPC Indonesia Tbk,Transportation & Logistics,Papan Pengembangan
INPP,PT INPP Indonesia Tbk,Industrials,Papan Utama
INPS,PT INPS Indonesia Tbk,Consumer Discretionary,Papan Utama
INRU,PT INRU Indonesia Tbk,Energy,Papan Akselerasi
INTA,PT INTA Indonesia Tbk,Financials,Papan Pengembangan
INTP,PT INTP Indonesia Tbk,Energy,Papan Utama
IPCC,PT IPCC Indonesia Tbk,Transportation & Logistics,Papan Pengembangan
IPCM,PT IPCM Indonesia Tbk,Basic Materials,Papan Akselerasi
IPPE,PT IPPE Indonesia Tbk,Financials,Papan Pengembangan
IRRA,PT IRRA Indonesia Tbk,Transportation & Logistics,Papan Utama
ISAT,PT ISAT Indonesia Tbk,Technology,Papan Pengembangan
ISSP,PT ISSP Indonesia Tbk,Energy,Papan Utama
ITMA,PT ITMA Indonesia Tbk,Properties & Real Estate,Papan Utama
ITMG,PT ITMG Indonesia Tbk,Energy,Papan Utama
JARR,PT JARR Indonesia Tbk,Basic Materials,Papan Utama
JAYA,PT JAYA Indonesia Tbk,Consumer Discretionary,Papan Utama
JECC,PT JECC Indonesia Tbk,Technology,Papan Pengembangan
JGLE,PT JGLE Indonesia Tbk,Transportation & Logistics,Papan Pemantauan Khusus
JKON,PT JKON Indonesia Tbk,Consumer Discretionary,Papan Pengembangan
JMAS,PT JMAS Indonesia Tbk,Technology,Papan Utama
JPFA,PT JPFA Indonesia Tbk,Transportation & Logistics,Papan Utama
JSMR,PT JSMR Indonesia Tbk,Properties & Real Estate,Papan Utama
JSPT,PT JSPT Indonesia Tbk,Healthcare,Papan Utama
JTPE,PT JTPE Indonesia Tbk,Transportation & Logistics,Papan Pengembangan
KAEF,PT KAEF Indonesia Tbk,Technology,Papan Utama
KARW,PT KARW Indonesia Tbk,Technology,Papan Pengembangan
KBLI,PT KBLI Indonesia Tbk,Properties & Real Estate,Papan Pengembangan
KBLM,PT KBLM Indonesia Tbk,Properties & Real Estate,Papan Pengembangan
KBAG,PT KBAG Indonesia Tbk,Transportation & Logistics,Papan Pengembangan
KDSI,PT KDSI Indonesia Tbk,Energy,Papan Pengembangan
KDTN,PT KDTN Indonesia Tbk,Energy,Papan Pengembangan
KEEN,PT KEEN Indonesia Tbk,Energy,Papan Pemantauan Khusus
KEJU,PT KEJU Indonesia Tbk,Infrastructures,Papan Pengembangan
KELN,PT KELN Indonesia Tbk,Basic Materials,Papan Pengembangan
KETN,PT KETN Indonesia Tbk,Technology,Papan Utama
KIAS,PT KIAS Indonesia Tbk,Transportation & Logistics,Papan Pengembangan
KICI,PT KICI Indonesia Tbk,Industrials,Papan Pengembangan
KIJA,PT KIJA Indonesia Tbk,Transportation & Logistics,Papan Utama
KINO,PT KINO Indonesia Tbk,Infrastructures,Papan Utama
KJEN,PT KJEN Indonesia Tbk,Consumer Discretionary,Papan Utama
KKGI,PT KKGI Indonesia Tbk,Industrials,Papan Akselerasi
KLBF,PT KLBF Indonesia Tbk,Transportation & Logistics,Papan Pengembangan
KMDS,PT KMDS Indonesia Tbk,Consumer Staples,Papan Ekonomi Baru
KMTR,PT KMTR Indonesia Tbk,Healthcare,Papan Pengembangan
KOCI,PT KOCI Indonesia Tbk,Consumer Staples,Papan Pengembangan
KOIN,PT KOIN Indonesia Tbk,Energy,Papan Pengembangan
KOKA,PT KOKA Indonesia Tbk,Energy,Papan Utama
KOPI,PT KOPI Indonesia Tbk,Energy,Papan Ekonomi Baru
KOTA,PT KOTA Indonesia Tbk,Infrastructures,Papan Akselerasi
KPAL,PT KPAL Indonesia Tbk,Energy,Papan Pengembangan
KPAS,PT KPAS Indonesia Tbk,Transportation & Logistics,Papan Pengembangan
KPIG,PT KPIG Indonesia Tbk,Financials,Papan Akselerasi
KRAH,PT KRAH Indonesia Tbk,Properties & Real Estate,Papan Utama
KRAS,PT KRAS Indonesia Tbk,Technology,Papan Utama
KUAS,PT KUAS Indonesia Tbk,Financials,Papan Pengembangan
LABS,PT LABS Indonesia Tbk,Technology,Papan Pengembangan
LAJU,PT LAJU Indonesia Tbk,Technology,Papan Utama
LAND,PT LAND Indonesia Tbk,Energy,Papan Utama
LAPD,PT LAPD Indonesia Tbk,Healthcare,Papan Utama
LCKM,PT LCKM Indonesia Tbk,Energy,Papan Pengembangan
LEAD,PT LEAD Indonesia Tbk,Consumer Staples,Papan Pengembangan
LIFE,PT LIFE Indonesia Tbk,Properties & Real Estate,Papan Utama
LINK,PT LINK Indonesia Tbk,Healthcare,Papan Utama
LMAX,PT LMAX Indonesia Tbk,Consumer Staples,Papan Utama
LMPI,PT LMPI Indonesia Tbk,Properties & Real Estate,Papan Utama
LMSH,PT LMSH Indonesia Tbk,Financials,Papan Utama
LPCK,PT LPCK Indonesia Tbk,Infrastructures,Papan Pengembangan
LPGI,PT LPGI Indonesia Tbk,Financials,Papan Utama
LPKR,PT LPKR Indonesia Tbk,Transportation & Logistics,Papan Utama
LPPF,PT LPPF Indonesia Tbk,Transportation & Logistics,Papan Pengembangan
LPPS,PT LPPS Indonesia Tbk,Industrials,Papan Pengembangan
LRNA,PT LRNA Indonesia Tbk,Financials,Papan Ekonomi Baru
LSIP,PT LSIP Indonesia Tbk,Properties & Real Estate,Papan Utama
LUCK,PT LUCK Indonesia Tbk,Healthcare,Papan Utama
MABA,PT MABA Indonesia Tbk,Consumer Staples,Papan Pemantauan Khusus
MAGP,PT MAGP Indonesia Tbk,Healthcare,Papan Utama
MAIN,PT MAIN Indonesia Tbk,Industrials,Papan Ekonomi Baru
MAPA,PT MAPA Indonesia Tbk,Financials,Papan Pengembangan
MAPI,PT MAPI Indonesia Tbk,Industrials,Papan Utama
MARK,PT MARK Indonesia Tbk,Technology,Papan Utama
MASB,PT MASB Indonesia Tbk,Consumer Discretionary,Papan Pemantauan Khusus
MBAP,PT MBAP Indonesia Tbk,Basic Materials,Papan Ekonomi Baru
MBSS,PT MBSS Indonesia Tbk,Industrials,Papan Ekonomi Baru
MBTO,PT MBTO Indonesia Tbk,Financials,Papan Pengembangan
MCOR,PT MCOR Indonesia Tbk,Consumer Staples,Papan Utama
MDKA,PT MDKA Indonesia Tbk,Properties & Real Estate,Papan Pengembangan
MDKI,PT MDKI Indonesia Tbk,Energy,Papan Pemantauan Khusus
MEDC,PT MEDC Indonesia Tbk,Consumer Discretionary,Papan Pengembangan
MEGA,PT MEGA Indonesia Tbk,Consumer Discretionary,Papan Utama
MERK,PT MERK Indonesia Tbk,Properties & Real Estate,Papan Pengembangan
META,PT META Indonesia Tbk,Technology,Papan Utama
MFMI,PT MFMI Indonesia Tbk,Energy,Papan Pengembangan
MGLV,PT MGLV Indonesia Tbk,Technology,Papan Utama
MGRO,PT MGRO Indonesia Tbk,Consumer Discretionary,Papan Utama
MIKA,PT MIKA Indonesia Tbk,Transportation & Logistics,Papan Utama
MINA,PT MINA Indonesia Tbk,Healthcare,Papan Pengembangan
MIRA,PT MIRA Indonesia Tbk,Transportation & Logistics,Papan Ekonomi Baru
MITI,PT MITI Indonesia Tbk,Industrials,Papan Pemantauan Khusus
MKNT,PT MKNT Indonesia Tbk,Energy,Papan Pengembangan
MKPI,PT MKPI Indonesia Tbk,Consumer Staples,Papan Utama
MMLP,PT MMLP Indonesia Tbk,Basic Materials,Papan Ekonomi Baru
MNCN,PT MNCN Indonesia Tbk,Transportation & Logistics,Papan Utama
MOLI,PT MOLI Indonesia Tbk,Transportation & Logistics,Papan Pengembangan
MPPA,PT MPPA Indonesia Tbk,Basic Materials,Papan Utama
MPXL,PT MPXL Indonesia Tbk,Financials,Papan Utama
MRAT,PT MRAT Indonesia Tbk,Industrials,Papan Pengembangan
MREI,PT MREI Indonesia Tbk,Consumer Staples,Papan Pemantauan Khusus
MSIN,PT MSIN Indonesia Tbk,Infrastructures,Papan Pengembangan
MTDL,PT MTDL Indonesia Tbk,Financials,Papan Utama
MTEL,PT MTEL Indonesia Tbk,Transportation & Logistics,Papan Utama
MTIK,PT MTIK Indonesia Tbk,Healthcare,Papan Utama
MTLA,PT MTLA Indonesia Tbk,Infrastructures,Papan Akselerasi
MTMH,PT MTMH Indonesia Tbk,Consumer Discretionary,Papan Pemantauan Khusus
MULTI,PT MULTI Indonesia Tbk,Industrials,Papan Pemantauan Khusus
MYOH,PT MYOH Indonesia Tbk,Basic Materials,Papan Utama
MYOR,PT MYOR Indonesia Tbk,Healthcare,Papan Pemantauan Khusus
NAIN,PT NAIN Indonesia Tbk,Industrials,Papan Utama
NASA,PT NASA Indonesia Tbk,Consumer Staples,Papan Pengembangan
NAYZ,PT NAYZ Indonesia Tbk,Consumer Staples,Papan Utama
NCKL,PT NCKL Indonesia Tbk,Healthcare,Papan Utama
NEOS,PT NEOS Indonesia Tbk,Transportation & Logistics,Papan Pengembangan
NELY,PT NELY Indonesia Tbk,Properties & Real Estate,Papan Pengembangan
NETV,PT NETV Indonesia Tbk,Basic Materials,Papan Pengembangan
NFCX,PT NFCX Indonesia Tbk,Infrastructures,Papan Pengembangan
NICK,PT NICK Indonesia Tbk,Transportation & Logistics,Papan Akselerasi
NICL,PT NICL Indonesia Tbk,Basic Materials,Papan Utama
NIND,PT NIND Indonesia Tbk,Properties & Real Estate,Papan Pengembangan
NIPS,PT NIPS Indonesia Tbk,Basic Materials,Papan Utama
NISP,PT NISP Indonesia Tbk,Financials,Papan Pengembangan
NOBU,PT NOBU Indonesia Tbk,Transportation & Logistics,Papan Pengembangan
NPGF,PT NPGF Indonesia Tbk,Basic Materials,Papan Pemantauan Khusus
NRCA,PT NRCA Indonesia Tbk,Financials,Papan Utama
NUSA,PT NUSA Indonesia Tbk,Industrials,Papan Pengembangan
OASA,PT OASA Indonesia Tbk,Basic Materials,Papan Pengembangan
OBMD,PT OBMD Indonesia Tbk,Financials,Papan Pengembangan
OCAP,PT OCAP Indonesia Tbk,Energy,Papan Pengembangan
OKAS,PT OKAS Indonesia Tbk,Technology,Papan Pengembangan
OMRE,PT OMRE Indonesia Tbk,Healthcare,Papan Pengembangan
PADA,PT PADA Indonesia Tbk,Energy,Papan Utama
PAMG,PT PAMG Indonesia Tbk,Basic Materials,Papan Utama
PANI,PT PANI Indonesia Tbk,Energy,Papan Pengembangan
PANS,PT PANS Indonesia Tbk,Infrastructures,Papan Akselerasi
PBID,PT PBID Indonesia Tbk,Financials,Papan Utama
PBRX,PT PBRX Indonesia Tbk,Consumer Staples,Papan Utama
PCAR,PT PCAR Indonesia Tbk,Energy,Papan Utama
PDES,PT PDES Indonesia Tbk,Basic Materials,Papan Pengembangan
PEHA,PT PEHA Indonesia Tbk,Industrials,Papan Pengembangan
PEVE,PT PEVE Indonesia Tbk,Consumer Staples,Papan Akselerasi
PGAS,PT PGAS Indonesia Tbk,Industrials,Papan Pengembangan
PGJO,PT PGJO Indonesia Tbk,Basic Materials,Papan Pemantauan Khusus
PGLI,PT PGLI Indonesia Tbk,Consumer Staples,Papan Utama
PGEO,PT PGEO Indonesia Tbk,Properties & Real Estate,Papan Utama
PICO,PT PICO Indonesia Tbk,Basic Materials,Papan Pengembangan
PJAA,PT PJAA Indonesia Tbk,Energy,Papan Utama
PKPK,PT PKPK Indonesia Tbk,Healthcare,Papan Pengembangan
PLAN,PT PLAN Indonesia Tbk,Technology,Papan Pengembangan
PLIN,PT PLIN Indonesia Tbk,Energy,Papan Pengembangan
PMJS,PT PMJS Indonesia Tbk,Healthcare,Papan Utama
PNBN,PT PNBN Indonesia Tbk,Properties & Real Estate,Papan Utama
PNBS,PT PNBS Indonesia Tbk,Transportation & Logistics,Papan Pengembangan
PNIN,PT PNIN Indonesia Tbk,Basic Materials,Papan Akselerasi
PNLF,PT PNLF Indonesia Tbk,Infrastructures,Papan Utama
POLA,PT POLA Indonesia Tbk,Healthcare,Papan Pengembangan
POLI,PT POLI Indonesia Tbk,Industrials,Papan Utama
POLL,PT POLL Indonesia Tbk,Healthcare,Papan Pemantauan Khusus
POLY,PT POLY Indonesia Tbk,Technology,Papan Utama
POOL,PT POOL Indonesia Tbk,Consumer Discretionary,Papan Utama
PORT,PT PORT Indonesia Tbk,Industrials,Papan Pengembangan
POSA,PT POSA Indonesia Tbk,Financials,Papan Pengembangan
PPRE,PT PPRE Indonesia Tbk,Technology,Papan Ekonomi Baru
PRAS,PT PRAS Indonesia Tbk,Healthcare,Papan Pengembangan
PSAB,PT PSAB Indonesia Tbk,Industrials,Papan Pengembangan
PSDN,PT PSDN Indonesia Tbk,Financials,Papan Pengembangan
PSGO,PT PSGO Indonesia Tbk,Consumer Staples,Papan Pengembangan
PSSI,PT PSSI Indonesia Tbk,Properties & Real Estate,Papan Pengembangan
PTBA,PT PTBA Indonesia Tbk,Properties & Real Estate,Papan Pengembangan
PTDU,PT PTDU Indonesia Tbk,Technology,Papan Utama
PTPP,PT PTPP Indonesia Tbk,Consumer Discretionary,Papan Pengembangan
PTPW,PT PTPW Indonesia Tbk,Consumer Discretionary,Papan Ekonomi Baru
PTRO,PT PTRO Indonesia Tbk,Industrials,Papan Pengembangan
PUDP,PT PUDP Indonesia Tbk,Consumer Staples,Papan Utama
PURA,PT PURA Indonesia Tbk,Financials,Papan Pengembangan
PWON,PT PWON Indonesia Tbk,Infrastructures,Papan Akselerasi
PYFA,PT PYFA Indonesia Tbk,Transportation & Logistics,Papan Akselerasi
PZZA,PT PZZA Indonesia Tbk,Infrastructures,Papan Pengembangan
RAAM,PT RAAM Indonesia Tbk,Consumer Discretionary,Papan Pengembangan
RAJA,PT RAJA Indonesia Tbk,Basic Materials,Papan Utama
RALS,PT RALS Indonesia Tbk,Consumer Discretionary,Papan Pengembangan
RANC,PT RANC Indonesia Tbk,Financials,Papan Akselerasi
RBMS,PT RBMS Indonesia Tbk,Infrastructures,Papan Pemantauan Khusus
RDTX,PT RDTX Indonesia Tbk,Technology,Papan Utama
REAL,PT REAL Indonesia Tbk,Properties & Real Estate,Papan Pengembangan
RELI,PT RELI Indonesia Tbk,Financials,Papan Utama
RICY,PT RICY Indonesia Tbk,Technology,Papan Pengembangan
RIGS,PT RIGS Indonesia Tbk,Basic Materials,Papan Pengembangan
RISE,PT RISE Indonesia Tbk,Basic Materials,Papan Utama
RMKE,PT RMKE Indonesia Tbk,Basic Materials,Papan Utama
RMKO,PT RMKO Indonesia Tbk,Financials,Papan Utama
ROCK,PT ROCK Indonesia Tbk,Infrastructures,Papan Pengembangan
ROTI,PT ROTI Indonesia Tbk,Industrials,Papan Pengembangan
RSGK,PT RSGK Indonesia Tbk,Transportation & Logistics,Papan Akselerasi
RUIS,PT RUIS Indonesia Tbk,Financials,Papan Utama
RUNS,PT RUNS Indonesia Tbk,Infrastructures,Papan Pengembangan
SAFE,PT SAFE Indonesia Tbk,Basic Materials,Papan Pengembangan
SAME,PT SAME Indonesia Tbk,Infrastructures,Papan Pengembangan
SAMF,PT SAMF Indonesia Tbk,Technology,Papan Utama
SAMI,PT SAMI Indonesia Tbk,Properties & Real Estate,Papan Utama
SAPX,PT SAPX Indonesia Tbk,Financials,Papan Utama
SBAT,PT SBAT Indonesia Tbk,Consumer Discretionary,Papan Utama
SBMA,PT SBMA Indonesia Tbk,Technology,Papan Utama
SCMA,PT SCMA Indonesia Tbk,Basic Materials,Papan Pengembangan
SCNP,PT SCNP Indonesia Tbk,Transportation & Logistics,Papan Pengembangan
SCPI,PT SCPI Indonesia Tbk,Consumer Discretionary,Papan Pengembangan
SDPC,PT SDPC Indonesia Tbk,Transportation & Logistics,Papan Pengembangan
SDRA,PT SDRA Indonesia Tbk,Energy,Papan Pengembangan
SEMA,PT SEMA Indonesia Tbk,Technology,Papan Utama
SGER,PT SGER Indonesia Tbk,Properties & Real Estate,Papan Pengembangan
SICO,PT SICO Indonesia Tbk,Financials,Papan Ekonomi Baru
SIDO,PT SIDO Indonesia Tbk,Energy,Papan Utama
SILO,PT SILO Indonesia Tbk,Properties & Real Estate,Papan Utama
SIMP,PT SIMP Indonesia Tbk,Healthcare,Papan Utama
SKLT,PT SKLT Indonesia Tbk,Consumer Discretionary,Papan Pengembangan
SKRN,PT SKRN Indonesia Tbk,Infrastructures,Papan Pengembangan
SMCB,PT SMCB Indonesia Tbk,Basic Materials,Papan Utama
SMDR,PT SMDR Indonesia Tbk,Healthcare,Papan Pengembangan
SMGR,PT SMGR Indonesia Tbk,Properties & Real Estate,Papan Pengembangan
SMIL,PT SMIL Indonesia Tbk,Industrials,Papan Utama
SMKM,PT SMKM Indonesia Tbk,Consumer Staples,Papan Utama
SMMA,PT SMMA Indonesia Tbk,Transportation & Logistics,Papan Pengembangan
SMMT,PT SMMT Indonesia Tbk,Basic Materials,Papan Pengembangan
SMRA,PT SMRA Indonesia Tbk,Technology,Papan Pemantauan Khusus
SMRU,PT SMRU Indonesia Tbk,Healthcare,Papan Utama
SMSM,PT SMSM Indonesia Tbk,Basic Materials,Papan Pengembangan
SNLK,PT SNLK Indonesia Tbk,Properties & Real Estate,Papan Utama
SOFA,PT SOFA Indonesia Tbk,Financials,Papan Pengembangan
SOSS,PT SOSS Indonesia Tbk,Industrials,Papan Pengembangan
SRAJ,PT SRAJ Indonesia Tbk,Consumer Staples,Papan Pemantauan Khusus
SRTG,PT SRTG Indonesia Tbk,Financials,Papan Utama
SSIA,PT SSIA Indonesia Tbk,Transportation & Logistics,Papan Pengembangan
SSTM,PT SSTM Indonesia Tbk,Properties & Real Estate,Papan Pengembangan
STAR,PT STAR Indonesia Tbk,Infrastructures,Papan Akselerasi
STAA,PT STAA Indonesia Tbk,Technology,Papan Utama
STRK,PT STRK Indonesia Tbk,Properties & Real Estate,Papan Ekonomi Baru
SULI,PT SULI Indonesia Tbk,Consumer Staples,Papan Utama
SUNI,PT SUNI Indonesia Tbk,Technology,Papan Pengembangan
SUPR,PT SUPR Indonesia Tbk,Technology,Papan Utama
SURE,PT SURE Indonesia Tbk,Properties & Real Estate,Papan Akselerasi
SWID,PT SWID Indonesia Tbk,Industrials,Papan Utama
TALF,PT TALF Indonesia Tbk,Basic Materials,Papan Pengembangan
TAMA,PT TAMA Indonesia Tbk,Industrials,Papan Pengembangan
TAPG,PT TAPG Indonesia Tbk,Transportation & Logistics,Papan Pengembangan
TATA,PT TATA Indonesia Tbk,Consumer Discretionary,Papan Utama
TATI,PT TATI Indonesia Tbk,Technology,Papan Utama
TBIG,PT TBIG Indonesia Tbk,Infrastructures,Papan Pengembangan
TBLA,PT TBLA Indonesia Tbk,Properties & Real Estate,Papan Pengembangan
TBMS,PT TBMS Indonesia Tbk,Financials,Papan Utama
TCID,PT TCID Indonesia Tbk,Transportation & Logistics,Papan Utama
TCPI,PT TCPI Indonesia Tbk,Basic Materials,Papan Ekonomi Baru
TEBE,PT TEBE Indonesia Tbk,Consumer Staples,Papan Utama
TECH,PT TECH Indonesia Tbk,Basic Materials,Papan Utama
TEDX,PT TEDX Indonesia Tbk,Energy,Papan Pengembangan
TEKM,PT TEKM Indonesia Tbk,Healthcare,Papan Utama
TELE,PT TELE Indonesia Tbk,Consumer Staples,Papan Utama
TFAS,PT TFAS Indonesia Tbk,Technology,Papan Utama
TGKA,PT TGKA Indonesia Tbk,Technology,Papan Utama
TGRA,PT TGRA Indonesia Tbk,Industrials,Papan Pengembangan
TIFA,PT TIFA Indonesia Tbk,Energy,Papan Utama
TINS,PT TINS Indonesia Tbk,Properties & Real Estate,Papan Utama
TIRA,PT TIRA Indonesia Tbk,Basic Materials,Papan Pengembangan
TIRT,PT TIRT Indonesia Tbk,Infrastructures,Papan Utama
TKIM,PT TKIM Indonesia Tbk,Properties & Real Estate,Papan Utama
TLKM,PT TLKM Indonesia Tbk,Transportation & Logistics,Papan Utama
TMAS,PT TMAS Indonesia Tbk,Financials,Papan Pengembangan
TMPO,PT TMPO Indonesia Tbk,Consumer Staples,Papan Pengembangan
TOBA,PT TOBA Indonesia Tbk,Consumer Discretionary,Papan Pengembangan
TOOL,PT TOOL Indonesia Tbk,Basic Materials,Papan Utama
TOTO,PT TOTO Indonesia Tbk,Energy,Papan Utama
TOWR,PT TOWR Indonesia Tbk,Healthcare,Papan Utama
TPIA,PT TPIA Indonesia Tbk,Financials,Papan Pengembangan
TPMA,PT TPMA Indonesia Tbk,Consumer Staples,Papan Pengembangan
TRIN,PT TRIN Indonesia Tbk,Financials,Papan Pengembangan
TRIS,PT TRIS Indonesia Tbk,Properties & Real Estate,Papan Ekonomi Baru
TRJA,PT TRJA Indonesia Tbk,Healthcare,Papan Utama
TRON,PT TRON Indonesia Tbk,Infrastructures,Papan Pemantauan Khusus
TRUE,PT TRUE Indonesia Tbk,Consumer Staples,Papan Pengembangan
TRUK,PT TRUK Indonesia Tbk,Financials,Papan Pengembangan
TSPC,PT TSPC Indonesia Tbk,Basic Materials,Papan Pengembangan
TUGU,PT TUGU Indonesia Tbk,Infrastructures,Papan Utama
UNIQ,PT UNIQ Indonesia Tbk,Properties & Real Estate,Papan Pemantauan Khusus
UNIT,PT UNIT Indonesia Tbk,Basic Materials,Papan Pengembangan
UNTR,PT UNTR Indonesia Tbk,Transportation & Logistics,Papan Utama
UNVR,PT UNVR Indonesia Tbk,Healthcare,Papan Akselerasi
URBN,PT URBN Indonesia Tbk,Financials,Papan Pengembangan
VALE,PT VALE Indonesia Tbk,Industrials,Papan Pengembangan
VRNA,PT VRNA Indonesia Tbk,Properties & Real Estate,Papan Utama
WAPO,PT WAPO Indonesia Tbk,Basic Materials,Papan Pengembangan
WEGE,PT WEGE Indonesia Tbk,Technology,Papan Utama
WEHA,PT WEHA Indonesia Tbk,Infrastructures,Papan Akselerasi
WIFI,PT WIFI Indonesia Tbk,Technology,Papan Utama
WIKA,PT WIKA Indonesia Tbk,Properties & Real Estate,Papan Pengembangan
WINS,PT WINS Indonesia Tbk,Consumer Staples,Papan Utama
WIRG,PT WIRG Indonesia Tbk,Technology,Papan Akselerasi
WIIM,PT WIIM Indonesia Tbk,Basic Materials,Papan Utama
WMPP,PT WMPP Indonesia Tbk,Consumer Discretionary,Papan Utama
WMUU,PT WMUU Indonesia Tbk,Financials,Papan Utama
WOOD,PT WOOD Indonesia Tbk,Transportation & Logistics,Papan Pengembangan
WOWS,PT WOWS Indonesia Tbk,Transportation & Logistics,Papan Utama
WSKT,PT WSKT Indonesia Tbk,Consumer Discretionary,Papan Utama
WTON,PT WTON Indonesia Tbk,Infrastructures,Papan Utama
XBIG,PT XBIG Indonesia Tbk,Consumer Discretionary,Papan Utama
XBNI,PT XBNI Indonesia Tbk,Infrastructures,Papan Pengembangan
XIML,PT XIML Indonesia Tbk,Financials,Papan Pengembangan
XMIM,PT XMIM Indonesia Tbk,Infrastructures,Papan Utama
XPDV,PT XPDV Indonesia Tbk,Energy,Papan Pengembangan
XPLQ,PT XPLQ Indonesia Tbk,Basic Materials,Papan Pengembangan
XRAT,PT XRAT Indonesia Tbk,Consumer Discretionary,Papan Pengembangan
XSIS,PT XSIS Indonesia Tbk,Transportation & Logistics,Papan Pengembangan
YELO,PT YELO Indonesia Tbk,Energy,Papan Pengembangan
YOII,PT YOII Indonesia Tbk,Financials,Papan Utama
YPAS,PT YPAS Indonesia Tbk,Financials,Papan Pengembangan
YUAN,PT YUAN Indonesia Tbk,Infrastructures,Papan Utama
ZATA,PT ZATA Indonesia Tbk,Properties & Real Estate,Papan Ekonomi Baru
ZBRA,PT ZBRA Indonesia Tbk,Consumer Discretionary,Papan Utama
ZEUS,PT ZEUS Indonesia Tbk,Consumer Discretionary,Papan Pengembangan
ZONE,PT ZONE Indonesia Tbk,Transportation & Logistics,Papan Utama
ZYRX,PT ZYRX Indonesia Tbk,Basic Materials,Papan Pengembangan
KROR,PT KROR Indonesia Tbk,Consumer Staples,Papan Utama
GWGV,PT GWGV Indonesia Tbk,Basic Materials,Papan Utama
QHVF,PT QHVF Indonesia Tbk,Industrials,Papan Pemantauan Khusus
EPRJ,PT EPRJ Indonesia Tbk,Consumer Discretionary,Papan Utama
YBQH,PT YBQH Indonesia Tbk,Technology,Papan Akselerasi
HFTZ,PT HFTZ Indonesia Tbk,Properties & Real Estate,Papan Pengembangan
CMCF,PT CMCF Indonesia Tbk,Energy,Papan Pengembangan
JMNP,PT JMNP Indonesia Tbk,Financials,Papan Pengembangan
JWMT,PT JWMT Indonesia Tbk,Basic Materials,Papan Pengembangan
PUYK,PT PUYK Indonesia Tbk,Energy,Papan Utama
DWZV,PT DWZV Indonesia Tbk,Technology,Papan Pengembangan
FBAV,PT FBAV Indonesia Tbk,Technology,Papan Pengembangan
AOKX,PT AOKX Indonesia Tbk,Basic Materials,Papan Pengembangan
VNNZ,PT VNNZ Indonesia Tbk,Infrastructures,Papan Ekonomi Baru
XEHS,PT XEHS Indonesia Tbk,Consumer Discretionary,Papan Utama
ZCAU,PT ZCAU Indonesia Tbk,Consumer Staples,Papan Pengembangan
RIPM,PT RIPM Indonesia Tbk,Basic Materials,Papan Utama
NZED,PT NZED Indonesia Tbk,Healthcare,Papan Pengembangan
GTCN,PT GTCN Indonesia Tbk,Properties & Real Estate,Papan Pemantauan Khusus
REJM,PT REJM Indonesia Tbk,Financials,Papan Utama
UBKR,PT UBKR Indonesia Tbk,Basic Materials,Papan Utama
KNQB,PT KNQB Indonesia Tbk,Properties & Real Estate,Papan Utama
RDAP,PT RDAP Indonesia Tbk,Basic Materials,Papan Pengembangan
ATYZ,PT ATYZ Indonesia Tbk,Technology,Papan Pengembangan
STML,PT STML Indonesia Tbk,Industrials,Papan Utama
GIXY,PT GIXY Indonesia Tbk,Energy,Papan Utama
VYZI,PT VYZI Indonesia Tbk,Industrials,Papan Pengembangan
QISK,PT QISK Indonesia Tbk,Financials,Papan Utama
QFYU,PT QFYU Indonesia Tbk,Transportation & Logistics,Papan Pengembangan
PFBG,PT PFBG Indonesia Tbk,Consumer Staples,Papan Utama
DOFN,PT DOFN Indonesia Tbk,Consumer Staples,Papan Ekonomi Baru
PMSB,PT PMSB Indonesia Tbk,Transportation & Logistics,Papan Pengembangan
KNOJ,PT KNOJ Indonesia Tbk,Financials,Papan Utama
IQIC,PT IQIC Indonesia Tbk,Consumer Discretionary,Papan Pengembangan
NIVV,PT NIVV Indonesia Tbk,Properties & Real Estate,Papan Ekonomi Baru
ATTC,PT ATTC Indonesia Tbk,Financials,Papan Akselerasi
UOVW,PT UOVW Indonesia Tbk,Energy,Papan Utama
LKBE,PT LKBE Indonesia Tbk,Consumer Staples,Papan Akselerasi
XSBZ,PT XSBZ Indonesia Tbk,Properties & Real Estate,Papan Pengembangan
VJFI,PT VJFI Indonesia Tbk,Technology,Papan Utama
CUQQ,PT CUQQ Indonesia Tbk,Industrials,Papan Utama
BQHN,PT BQHN Indonesia Tbk,Transportation & Logistics,Papan Pemantauan Khusus
SMVZ,PT SMVZ Indonesia Tbk,Technology,Papan Pengembangan
SKKC,PT SKKC Indonesia Tbk,Infrastructures,Papan Pengembangan
WFAQ,PT WFAQ Indonesia Tbk,Basic Materials,Papan Utama
PAEV,PT PAEV Indonesia Tbk,Consumer Staples,Papan Pengembangan
XTTL,PT XTTL Indonesia Tbk,Properties & Real Estate,Papan Pengembangan
RBDM,PT RBDM Indonesia Tbk,Basic Materials,Papan Akselerasi
XIDV,PT XIDV Indonesia Tbk,Energy,Papan Pengembangan
DEEH,PT DEEH Indonesia Tbk,Financials,Papan Pengembangan
PVPX,PT PVPX Indonesia Tbk,Financials,Papan Utama
DDOG,PT DDOG Indonesia Tbk,Consumer Discretionary,Papan Pengembangan
QITI,PT QITI Indonesia Tbk,Basic Materials,Papan Pengembangan
FMNS,PT FMNS Indonesia Tbk,Technology,Papan Pengembangan
VHFC,PT VHFC Indonesia Tbk,Basic Materials,Papan Utama
HIOI,PT HIOI Indonesia Tbk,Infrastructures,Papan Utama
RMOA,PT RMOA Indonesia Tbk,Healthcare,Papan Utama
JKJV,PT JKJV Indonesia Tbk,Financials,Papan Utama
GTXG,PT GTXG Indonesia Tbk,Basic Materials,Papan Pemantauan Khusus
MKMK,PT MKMK Indonesia Tbk,Infrastructures,Papan Akselerasi
URTE,PT URTE Indonesia Tbk,Energy,Papan Pengembangan
ETSL,PT ETSL Indonesia Tbk,Basic Materials,Papan Utama
HYAY,PT HYAY Indonesia Tbk,Transportation & Logistics,Papan Pengembangan
IYUI,PT IYUI Indonesia Tbk,Industrials,Papan Utama
ZKEA,PT ZKEA Indonesia Tbk,Healthcare,Papan Akselerasi
SVLM,PT SVLM Indonesia Tbk,Industrials,Papan Pengembangan
VPZO,PT VPZO Indonesia Tbk,Healthcare,Papan Pengembangan
SBNG,PT SBNG Indonesia Tbk,Infrastructures,Papan Pengembangan
OAOX,PT OAOX Indonesia Tbk,Transportation & Logistics,Papan Utama
WXZA,PT WXZA Indonesia Tbk,Transportation & Logistics,Papan Pemantauan Khusus
DTWI,PT DTWI Indonesia Tbk,Healthcare,Papan Pengembangan
VRAV,PT VRAV Indonesia Tbk,Basic Materials,Papan Utama
HVHH,PT HVHH Indonesia Tbk,Energy,Papan Pemantauan Khusus
FSGG,PT FSGG Indonesia Tbk,Industrials,Papan Ekonomi Baru
AAAH,PT AAAH Indonesia Tbk,Energy,Papan Pengembangan
COYX,PT COYX Indonesia Tbk,Technology,Papan Utama
VOLO,PT VOLO Indonesia Tbk,Energy,Papan Utama
ECBO,PT ECBO Indonesia Tbk,Consumer Discretionary,Papan Utama
GTSQ,PT GTSQ Indonesia Tbk,Energy,Papan Pengembangan
QEKF,PT QEKF Indonesia Tbk,Infrastructures,Papan Utama
VQEQ,PT VQEQ Indonesia Tbk,Transportation & Logistics,Papan Utama
XTZJ,PT XTZJ Indonesia Tbk,Properties & Real Estate,Papan Utama
TPRY,PT TPRY Indonesia Tbk,Financials,Papan Utama
UQLJ,PT UQLJ Indonesia Tbk,Technology,Papan Utama
MKDS,PT MKDS Indonesia Tbk,Basic Materials,Papan Pengembangan
ISAP,PT ISAP Indonesia Tbk,Consumer Discretionary,Papan Utama
TEPC,PT TEPC Indonesia Tbk,Industrials,Papan Utama
XKEZ,PT XKEZ Indonesia Tbk,Transportation & Logistics,Papan Utama
PPKD,PT PPKD Indonesia Tbk,Healthcare,Papan Utama
FAVR,PT FAVR Indonesia Tbk,Consumer Staples,Papan Pengembangan
LKTC,PT LKTC Indonesia Tbk,Transportation & Logistics,Papan Utama
KJZW,PT KJZW Indonesia Tbk,Properties & Real Estate,Papan Utama
DUVE,PT DUVE Indonesia Tbk,Properties & Real Estate,Papan Pengembangan
LTDP,PT LTDP Indonesia Tbk,Healthcare,Papan Pengembangan
PDTY,PT PDTY Indonesia Tbk,Energy,Papan Pengembangan
GGSO,PT GGSO Indonesia Tbk,Technology,Papan Pemantauan Khusus
IUIM,PT IUIM Indonesia Tbk,Industrials,Papan Pengembangan
FSWY,PT FSWY Indonesia Tbk,Energy,Papan Utama
WCDF,PT WCDF Indonesia Tbk,Healthcare,Papan Pemantauan Khusus
KZBD,PT KZBD Indonesia Tbk,Infrastructures,Papan Pengembangan
KUNG,PT KUNG Indonesia Tbk,Healthcare,Papan Akselerasi
FGOV,PT FGOV Indonesia Tbk,Industrials,Papan Utama
KKDM,PT KKDM Indonesia Tbk,Financials,Papan Pemantauan Khusus
PNCB,PT PNCB Indonesia Tbk,Financials,Papan Pemantauan Khusus
LYHT,PT LYHT Indonesia Tbk,Consumer Discretionary,Papan Pengembangan
ZNMA,PT ZNMA Indonesia Tbk,Healthcare,Papan Utama
URXR,PT URXR Indonesia Tbk,Technology,Papan Pengembangan
ITOF,PT ITOF Indonesia Tbk,Healthcare,Papan Utama
GROZ,PT GROZ Indonesia Tbk,Transportation & Logistics,Papan Ekonomi Baru
SNMU,PT SNMU Indonesia Tbk,Properties & Real Estate,Papan Utama
YRYK,PT YRYK Indonesia Tbk,Properties & Real Estate,Papan Utama
CLTM,PT CLTM Indonesia Tbk,Consumer Discretionary,Papan Pengembangan
OMAD,PT OMAD Indonesia Tbk,Properties & Real Estate,Papan Utama
UVWK,PT UVWK Indonesia Tbk,Properties & Real Estate,Papan Utama
JXTZ,PT JXTZ Indonesia Tbk,Basic Materials,Papan Utama
SJMH,PT SJMH Indonesia Tbk,Basic Materials,Papan Utama
MGBL,PT MGBL Indonesia Tbk,Energy,Papan Pengembangan
IQAG,PT IQAG Indonesia Tbk,Consumer Staples,Papan Utama
ERCS,PT ERCS Indonesia Tbk,Consumer Discretionary,Papan Pengembangan
WJUO,PT WJUO Indonesia Tbk,Consumer Staples,Papan Pengembangan
GBDW,PT GBDW Indonesia Tbk,Properties & Real Estate,Papan Utama
EKGY,PT EKGY Indonesia Tbk,Healthcare,Papan Utama
IQNB,PT IQNB Indonesia Tbk,Technology,Papan Utama
NIWW,PT NIWW Indonesia Tbk,Infrastructures,Papan Pengembangan
WFIM,PT WFIM Indonesia Tbk,Financials,Papan Utama
OMZK,PT OMZK Indonesia Tbk,Properties & Real Estate,Papan Pengembangan
LXUO,PT LXUO Indonesia Tbk,Transportation & Logistics,Papan Utama
OFVS,PT OFVS Indonesia Tbk,Consumer Staples,Papan Utama
NJIV,PT NJIV Indonesia Tbk,Infrastructures,Papan Pengembangan
DZXT,PT DZXT Indonesia Tbk,Infrastructures,Papan Ekonomi Baru
IODD,PT IODD Indonesia Tbk,Consumer Discretionary,Papan Utama
DOEM,PT DOEM Indonesia Tbk,Infrastructures,Papan Pengembangan
PJQZ,PT PJQZ Indonesia Tbk,Basic Materials,Papan Pengembangan
BLBQ,PT BLBQ Indonesia Tbk,Infrastructures,Papan Utama
JVUJ,PT JVUJ Indonesia Tbk,Infrastructures,Papan Utama
KASX,PT KASX Indonesia Tbk,Technology,Papan Utama
LRGS,PT LRGS Indonesia Tbk,Transportation & Logistics,Papan Pengembangan
MSSH,PT MSSH Indonesia Tbk,Properties & Real Estate,Papan Pengembangan
PGIM,PT PGIM Indonesia Tbk,Basic Materials,Papan Pengembangan
ILRF,PT ILRF Indonesia Tbk,Financials,Papan Utama
OHJG,PT OHJG Indonesia Tbk,Infrastructures,Papan Utama
FBVQ,PT FBVQ Indonesia Tbk,Infrastructures,Papan Utama
RABT,PT RABT Indonesia Tbk,Healthcare,Papan Utama
RQAG,PT RQAG Indonesia Tbk,Basic Materials,Papan Utama
CETX,PT CETX Indonesia Tbk,Transportation & Logistics,Papan Pengembangan
PUUC,PT PUUC Indonesia Tbk,Financials,Papan Pemantauan Khusus
SYNE,PT SYNE Indonesia Tbk,Technology,Papan Ekonomi Baru
IOJD,PT IOJD Indonesia Tbk,Technology,Papan Utama
QAPP,PT QAPP Indonesia Tbk,Properties & Real Estate,Papan Pengembangan
SELL,PT SELL Indonesia Tbk,Infrastructures,Papan Ekonomi Baru
HDIY,PT HDIY Indonesia Tbk,Energy,Papan Utama
DJIZ,PT DJIZ Indonesia Tbk,Industrials,Papan Pengembangan
SSSL,PT SSSL Indonesia Tbk,Transportation & Logistics,Papan Pengembangan
XDYL,PT XDYL Indonesia Tbk,Properties & Real Estate,Papan Pengembangan
DIEG,PT DIEG Indonesia Tbk,Financials,Papan Pengembangan
VBQK,PT VBQK Indonesia Tbk,Healthcare,Papan Pengembangan
HVII,PT HVII Indonesia Tbk,Financials,Papan Utama
CVLH,PT CVLH Indonesia Tbk,Industrials,Papan Pengembangan
NOYB,PT NOYB Indonesia Tbk,Basic Materials,Papan Pengembangan
IXSO,PT IXSO Indonesia Tbk,Transportation & Logistics,Papan Pengembangan
KZBB,PT KZBB Indonesia Tbk,Consumer Staples,Papan Pengembangan
ZJUF,PT ZJUF Indonesia Tbk,Energy,Papan Utama
QRHH,PT QRHH Indonesia Tbk,Technology,Papan Utama
WXEU,PT WXEU Indonesia Tbk,Energy,Papan Pengembangan
EUVL,PT EUVL Indonesia Tbk,Technology,Papan Utama
VUCM,PT VUCM Indonesia Tbk,Industrials,Papan Pengembangan
VTNY,PT VTNY Indonesia Tbk,Transportation & Logistics,Papan Pengembangan
PRYY,PT PRYY Indonesia Tbk,Industrials,Papan Utama
RCXJ,PT RCXJ Indonesia Tbk,Infrastructures,Papan Pengembangan
STMA,PT STMA Indonesia Tbk,Energy,Papan Utama
MQIT,PT MQIT Indonesia Tbk,Industrials,Papan Utama
OTJF,PT OTJF Indonesia Tbk,Consumer Staples,Papan Utama
SAYA,PT SAYA Indonesia Tbk,Consumer Staples,Papan Pengembangan
WGEM,PT WGEM Indonesia Tbk,Transportation & Logistics,Papan Pengembangan
HMZI,PT HMZI Indonesia Tbk,Properties & Real Estate,Papan Pengembangan
XXEC,PT XXEC Indonesia Tbk,Technology,Papan Pengembangan
ONEL,PT ONEL Indonesia Tbk,Consumer Discretionary,Papan Utama
NCFA,PT NCFA Indonesia Tbk,Industrials,Papan Pengembangan
LFPO,PT LFPO Indonesia Tbk,Industrials,Papan Utama
CFHY,PT CFHY Indonesia Tbk,Industrials,Papan Pengembangan
NHKQ,PT NHKQ Indonesia Tbk,Industrials,Papan Pengembangan
YRPW,PT YRPW Indonesia Tbk,Consumer Discretionary,Papan Pengembangan
HBWX,PT HBWX Indonesia Tbk,Basic Materials,Papan Utama
MFDE,PT MFDE Indonesia Tbk,Financials,Papan Utama
NBYP,PT NBYP Indonesia Tbk,Transportation & Logistics,Papan Utama
SCTM,PT SCTM Indonesia Tbk,Consumer Discretionary,Papan Utama
OVCX,PT OVCX Indonesia Tbk,Energy,Papan Pengembangan
VOBC,PT VOBC Indonesia Tbk,Infrastructures,Papan Utama
PSZA,PT PSZA Indonesia Tbk,Financials,Papan Pengembangan
QUJB,PT QUJB Indonesia Tbk,Basic Materials,Papan Utama
UWEW,PT UWEW Indonesia Tbk,Consumer Staples,Papan Utama
XLIO,PT XLIO Indonesia Tbk,Energy,Papan Pengembangan
WUIO,PT WUIO Indonesia Tbk,Consumer Staples,Papan Pengembangan
UWOJ,PT UWOJ Indonesia Tbk,Basic Materials,Papan Ekonomi Baru
WAVI,PT WAVI Indonesia Tbk,Energy,Papan Pengembangan
IHNJ,PT IHNJ Indonesia Tbk,Consumer Staples,Papan Utama
DPLE,PT DPLE Indonesia Tbk,Transportation & Logistics,Papan Pengembangan
MVFL,PT MVFL Indonesia Tbk,Consumer Staples,Papan Utama
RBZH,PT RBZH Indonesia Tbk,Properties & Real Estate,Papan Pengembangan
JWVJ,PT JWVJ Indonesia Tbk,Infrastructures,Papan Utama
WGCP,PT WGCP Indonesia Tbk,Infrastructures,Papan Pengembangan
VQJN,PT VQJN Indonesia Tbk,Consumer Discretionary,Papan Pengembangan
ETPI,PT ETPI Indonesia Tbk,Consumer Discretionary,Papan Pengembangan
CCXV,PT CCXV Indonesia Tbk,Basic Materials,Papan Pengembangan
YXXL,PT YXXL Indonesia Tbk,Infrastructures,Papan Ekonomi Baru
UWAC,PT UWAC Indonesia Tbk,Industrials,Papan Ekonomi Baru
DPNH,PT DPNH Indonesia Tbk,Consumer Staples,Papan Utama
VPKD,PT VPKD Indonesia Tbk,Consumer Discretionary,Papan Ekonomi Baru
SLPJ,PT SLPJ Indonesia Tbk,Consumer Discretionary,Papan Pengembangan
EVNT,PT EVNT Indonesia Tbk,Technology,Papan Utama
VYXZ,PT VYXZ Indonesia Tbk,Basic Materials,Papan Utama
GPKD,PT GPKD Indonesia Tbk,Basic Materials,Papan Pengembangan
NZFW,PT NZFW Indonesia Tbk,Healthcare,Papan Pengembangan
BNXF,PT BNXF Indonesia Tbk,Consumer Discretionary,Papan Pengembangan
USMN,PT USMN Indonesia Tbk,Industrials,Papan Utama
LKUB,PT LKUB Indonesia Tbk,Properties & Real Estate,Papan Pengembangan
QOQX,PT QOQX Indonesia Tbk,Infrastructures,Papan Pengembangan
VVKP,PT VVKP Indonesia Tbk,Transportation & Logistics,Papan Pengembangan
CFJM,PT CFJM Indonesia Tbk,Healthcare,Papan Pengembangan
ZYXF,PT ZYXF Indonesia Tbk,Technology,Papan Pengembangan
TOXT,PT TOXT Indonesia Tbk,Consumer Staples,Papan Pengembangan
XUNH,PT XUNH Indonesia Tbk,Consumer Staples,Papan Utama
CLPM,PT CLPM Indonesia Tbk,Industrials,Papan Akselerasi
QQKR,PT QQKR Indonesia Tbk,Industrials,Papan Utama
KGXU,PT KGXU Indonesia Tbk,Transportation & Logistics,Papan Utama
AMYK,PT AMYK Indonesia Tbk,Infrastructures,Papan Pemantauan Khusus
XWHV,PT XWHV Indonesia Tbk,Industrials,Papan Utama
NTHB,PT NTHB Indonesia Tbk,Transportation & Logistics,Papan Pengembangan
OZMD,PT OZMD Indonesia Tbk,Consumer Discretionary,Papan Akselerasi
RZOS,PT RZOS Indonesia Tbk,Basic Materials,Papan Utama
GKVQ,PT GKVQ Indonesia Tbk,Technology,Papan Pengembangan
WLKY,PT WLKY Indonesia Tbk,Consumer Discretionary,Papan Pengembangan
XXUT,PT XXUT Indonesia Tbk,Energy,Papan Utama
DRZW,PT DRZW Indonesia Tbk,Consumer Staples,Papan Utama
SGXY,PT SGXY Indonesia Tbk,Basic Materials,Papan Akselerasi
RXKZ,PT RXKZ Indonesia Tbk,Energy,Papan Utama
TNFF,PT TNFF Indonesia Tbk,Basic Materials,Papan Pengembangan
FIZO,PT FIZO Indonesia Tbk,Industrials,Papan Utama
LNSX,PT LNSX Indonesia Tbk,Properties & Real Estate,Papan Utama
ZMVU,PT ZMVU Indonesia Tbk,Transportation & Logistics,Papan Utama
LVGF,PT LVGF Indonesia Tbk,Consumer Discretionary,Papan Utama
XDKT,PT XDKT Indonesia Tbk,Basic Materials,Papan Akselerasi
BQMP,PT BQMP Indonesia Tbk,Transportation & Logistics,Papan Utama
BPIH,PT BPIH Indonesia Tbk,Financials,Papan Utama
FCXQ,PT FCXQ Indonesia Tbk,Consumer Staples,Papan Pengembangan
CCTX,PT CCTX Indonesia Tbk,Energy,Papan Pemantauan Khusus
KFKH,PT KFKH Indonesia Tbk,Properties & Real Estate,Papan Pengembangan
ZJJA,PT ZJJA Indonesia Tbk,Consumer Discretionary,Papan Utama
AMNT,PT AMNT Indonesia Tbk,Transportation & Logistics,Papan Pengembangan
XRHK,PT XRHK Indonesia Tbk,Financials,Papan Pengembangan
KDXY,PT KDXY Indonesia Tbk,Consumer Staples,Papan Utama
SNAY,PT SNAY Indonesia Tbk,Technology,Papan Utama
BIFF,PT BIFF Indonesia Tbk,Basic Materials,Papan Pengembangan
MREW,PT MREW Indonesia Tbk,Healthcare,Papan Pengembangan
RAPS,PT RAPS Indonesia Tbk,Infrastructures,Papan Utama
HXYD,PT HXYD Indonesia Tbk,Transportation & Logistics,Papan Pengembangan
EULG,PT EULG Indonesia Tbk,Financials,Papan Utama
FQKI,PT FQKI Indonesia Tbk,Consumer Staples,Papan Pengembangan
NBGB,PT NBGB Indonesia Tbk,Basic Materials,Papan Pengembangan
LXFL,PT LXFL Indonesia Tbk,Consumer Discretionary,Papan Utama
WSAT,PT WSAT Indonesia Tbk,Healthcare,Papan Utama
SHDY,PT SHDY Indonesia Tbk,Basic Materials,Papan Pengembangan
EGYZ,PT EGYZ Indonesia Tbk,Technology,Papan Pengembangan
IOXA,PT IOXA Indonesia Tbk,Technology,Papan Utama
WJOO,PT WJOO Indonesia Tbk,Industrials,Papan Utama
KPVC,PT KPVC Indonesia Tbk,Healthcare,Papan Utama
RAUF,PT RAUF Indonesia Tbk,Transportation & Logistics,Papan Utama
ULNQ,PT ULNQ Indonesia Tbk,Properties & Real Estate,Papan Ekonomi Baru
PXDI,PT PXDI Indonesia Tbk,Energy,Papan Utama
HANC,PT HANC Indonesia Tbk,Transportation & Logistics,Papan Pengembangan
WWDF,PT WWDF Indonesia Tbk,Healthcare,Papan Utama
JBVP,PT JBVP Indonesia Tbk,Properties & Real Estate,Papan Ekonomi Baru
QVDI,PT QVDI Indonesia Tbk,Energy,Papan Pengembangan
KLFW,PT KLFW Indonesia Tbk,Transportation & Logistics,Papan Utama
LIFR,PT LIFR Indonesia Tbk,Properties & Real Estate,Papan Pemantauan Khusus
QYOA,PT QYOA Indonesia Tbk,Financials,Papan Pengembangan
VWSW,PT VWSW Indonesia Tbk,Infrastructures,Papan Ekonomi Baru
XRRD,PT XRRD Indonesia Tbk,Healthcare,Papan Pengembangan
TQLT,PT TQLT Indonesia Tbk,Properties & Real Estate,Papan Pengembangan
GMTR,PT GMTR Indonesia Tbk,Consumer Staples,Papan Ekonomi Baru
VDFK,PT VDFK Indonesia Tbk,Properties & Real Estate,Papan Utama
UCHA,PT UCHA Indonesia Tbk,Basic Materials,Papan Utama
BITO,PT BITO Indonesia Tbk,Consumer Discretionary,Papan Pengembangan
TYNP,PT TYNP Indonesia Tbk,Technology,Papan Pengembangan
EKCY,PT EKCY Indonesia Tbk,Basic Materials,Papan Utama
KDCS,PT KDCS Indonesia Tbk,Technology,Papan Akselerasi
HIOU,PT HIOU Indonesia Tbk,Industrials,Papan Utama
APAP,PT APAP Indonesia Tbk,Energy,Papan Pemantauan Khusus
RGYD,PT RGYD Indonesia Tbk,Industrials,Papan Utama
NHUL,PT NHUL Indonesia Tbk,Industrials,Papan Utama
UKFW,PT UKFW Indonesia Tbk,Transportation & Logistics,Papan Pengembangan
ORHP,PT ORHP Indonesia Tbk,Financials,Papan Utama
WSPG,PT WSPG Indonesia Tbk,Technology,Papan Pengembangan
GYFT,PT GYFT Indonesia Tbk,Transportation & Logistics,Papan Pengembangan
NBJC,PT NBJC Indonesia Tbk,Industrials,Papan Utama
AFOI,PT AFOI Indonesia Tbk,Energy,Papan Utama
GRZB,PT GRZB Indonesia Tbk,Infrastructures,Papan Utama
IQNK,PT IQNK Indonesia Tbk,Healthcare,Papan Pengembangan
RBMQ,PT RBMQ Indonesia Tbk,Infrastructures,Papan Utama
LRTL,PT LRTL Indonesia Tbk,Basic Materials,Papan Pemantauan Khusus
BPHL,PT BPHL Indonesia Tbk,Consumer Staples,Papan Pengembangan
OFSV,PT OFSV Indonesia Tbk,Financials,Papan Pengembangan
VKAX,PT VKAX Indonesia Tbk,Industrials,Papan Pengembangan
GZYV,PT GZYV Indonesia Tbk,Industrials,Papan Pengembangan
LNEP,PT LNEP Indonesia Tbk,Consumer Staples,Papan Utama
WHQO,PT WHQO Indonesia Tbk,Energy,Papan Pengembangan
HNQT,PT HNQT Indonesia Tbk,Consumer Staples,Papan Pengembangan
TYBS,PT TYBS Indonesia Tbk,Energy,Papan Pengembangan
EXEV,PT EXEV Indonesia Tbk,Consumer Discretionary,Papan Ekonomi Baru
HFGR,PT HFGR Indonesia Tbk,Consumer Staples,Papan Utama
EPHN,PT EPHN Indonesia Tbk,Consumer Staples,Papan Utama
WGQP,PT WGQP Indonesia Tbk,Healthcare,Papan Pengembangan
FBTC,PT FBTC Indonesia Tbk,Infrastructures,Papan Utama
AKZZ,PT AKZZ Indonesia Tbk,Properties & Real Estate,Papan Pengembangan
AAIV,PT AAIV Indonesia Tbk,Properties & Real Estate,Papan Utama
EXBR,PT EXBR Indonesia Tbk,Consumer Discretionary,Papan Pengembangan
HMEE,PT HMEE Indonesia Tbk,Financials,Papan Utama
PSUR,PT PSUR Indonesia Tbk,Properties & Real Estate,Papan Utama
CCDD,PT CCDD Indonesia Tbk,Industrials,Papan Pengembangan
ACML,PT ACML Indonesia Tbk,Properties & Real Estate,Papan Utama
AAGN,PT AAGN Indonesia Tbk,Healthcare,Papan Pemantauan Khusus
EDCY,PT EDCY Indonesia Tbk,Infrastructures,Papan Pengembangan
CRXG,PT CRXG Indonesia Tbk,Financials,Papan Utama
RJNT,PT RJNT Indonesia Tbk,Infrastructures,Papan Pengembangan
XQYW,PT XQYW Indonesia Tbk,Infrastructures,Papan Pengembangan
IBIP,PT IBIP Indonesia Tbk,Consumer Staples,Papan Pengembangan
WFFV,PT WFFV Indonesia Tbk,Healthcare,Papan Akselerasi
DVDV,PT DVDV Indonesia Tbk,Industrials,Papan Utama
JCRK,PT JCRK Indonesia Tbk,Industrials,Papan Utama
UOMR,PT UOMR Indonesia Tbk,Technology,Papan Pengembangan
XROS,PT XROS Indonesia Tbk,Basic Materials,Papan Pengembangan
HATW,PT HATW Indonesia Tbk,Basic Materials,Papan Pengembangan
HKCB,PT HKCB Indonesia Tbk,Properties & Real Estate,Papan Utama
BBAB,PT BBAB Indonesia Tbk,Industrials,Papan Pengembangan
QXPS,PT QXPS Indonesia Tbk,Financials,Papan Utama
IPGH,PT IPGH Indonesia Tbk,Consumer Staples,Papan Pengembangan
JSFK,PT JSFK Indonesia Tbk,Financials,Papan Pengembangan
QUZF,PT QUZF Indonesia Tbk,Properties & Real Estate,Papan Ekonomi Baru
NKMD,PT NKMD Indonesia Tbk,Technology,Papan Pengembangan
LTTH,PT LTTH Indonesia Tbk,Transportation & Logistics,Papan Utama
DBOH,PT DBOH Indonesia Tbk,Energy,Papan Pengembangan
MSSN,PT MSSN Indonesia Tbk,Healthcare,Papan Pengembangan
RXAY,PT RXAY Indonesia Tbk,Healthcare,Papan Pengembangan
FCUJ,PT FCUJ Indonesia Tbk,Technology,Papan Utama
ASAH,PT ASAH Indonesia Tbk,Energy,Papan Utama
DDUD,PT DDUD Indonesia Tbk,Industrials,Papan Utama
VXBN,PT VXBN Indonesia Tbk,Consumer Staples,Papan Utama
RSER,PT RSER Indonesia Tbk,Transportation & Logistics,Papan Pengembangan
HBLZ,PT HBLZ Indonesia Tbk,Healthcare,Papan Pengembangan
WVTM,PT WVTM Indonesia Tbk,Consumer Staples,Papan Pengembangan
NIEU,PT NIEU Indonesia Tbk,Healthcare,Papan Pengembangan
UWGV,PT UWGV Indonesia Tbk,Transportation & Logistics,Papan Ekonomi Baru
BAXC,PT BAXC Indonesia Tbk,Financials,Papan Utama
AZXT,PT AZXT Indonesia Tbk,Infrastructures,Papan Pengembangan
MFMC,PT MFMC Indonesia Tbk,Infrastructures,Papan Pengembangan
YNVH,PT YNVH Indonesia Tbk,Financials,Papan Utama
QWYW,PT QWYW Indonesia Tbk,Infrastructures,Papan Akselerasi
SRVH,PT SRVH Indonesia Tbk,Infrastructures,Papan Utama
AYDB,PT AYDB Indonesia Tbk,Technology,Papan Akselerasi
BHKC,PT BHKC Indonesia Tbk,Consumer Discretionary,Papan Utama
HDEB,PT HDEB Indonesia Tbk,Consumer Staples,Papan Utama
YSLW,PT YSLW Indonesia Tbk,Properties & Real Estate,Papan Utama
SLNM,PT SLNM Indonesia Tbk,Properties & Real Estate,Papan Pengembangan
TNHI,PT TNHI Indonesia Tbk,Properties & Real Estate,Papan Pengembangan
GPUV,PT GPUV Indonesia Tbk,Properties & Real Estate,Papan Pengembangan
DPMW,PT DPMW Indonesia Tbk,Technology,Papan Pengembangan
BDHQ,PT BDHQ Indonesia Tbk,Properties & Real Estate,Papan Pengembangan
CCIU,PT CCIU Indonesia Tbk,Transportation & Logistics,Papan Pengembangan
HHCV,PT HHCV Indonesia Tbk,Transportation & Logistics,Papan Akselerasi
ULDB,PT ULDB Indonesia Tbk,Technology,Papan Pengembangan
QZHZ,PT QZHZ Indonesia Tbk,Financials,Papan Pengembangan
IFWU,PT IFWU Indonesia Tbk,Transportation & Logistics,Papan Pengembangan
ICDB,PT ICDB Indonesia Tbk,Healthcare,Papan Pengembangan
XXUZ,PT XXUZ Indonesia Tbk,Technology,Papan Pengembangan
CFWF,PT CFWF Indonesia Tbk,Basic Materials,Papan Pengembangan
QFND,PT QFND Indonesia Tbk,Consumer Discretionary,Papan Akselerasi
MZRQ,PT MZRQ Indonesia Tbk,Technology,Papan Pengembangan
QESQ,PT QESQ Indonesia Tbk,Transportation & Logistics,Papan Utama
UWOD,PT UWOD Indonesia Tbk,Technology,Papan Pengembangan
LNYQ,PT LNYQ Indonesia Tbk,Technology,Papan Utama
TELQ,PT TELQ Indonesia Tbk,Consumer Discretionary,Papan Pengembangan
BBKY,PT BBKY Indonesia Tbk,Energy,Papan Pengembangan
HGCB,PT HGCB Indonesia Tbk,Healthcare,Papan Pengembangan
ZFSW,PT ZFSW Indonesia Tbk,Healthcare,Papan Pengembangan
TZEI,PT TZEI Indonesia Tbk,Energy,Papan Utama
LZEK,PT LZEK Indonesia Tbk,Financials,Papan Pengembangan
NJVX,PT NJVX Indonesia Tbk,Financials,Papan Ekonomi Baru
VEKY,PT VEKY Indonesia Tbk,Consumer Discretionary,Papan Ekonomi Baru
KGKU,PT KGKU Indonesia Tbk,Technology,Papan Pengembangan
SLJB,PT SLJB Indonesia Tbk,Basic Materials,Papan Utama
YUVO,PT YUVO Indonesia Tbk,Transportation & Logistics,Papan Utama
UQFB,PT UQFB Indonesia Tbk,Healthcare,Papan Ekonomi Baru
IMSS,PT IMSS Indonesia Tbk,Healthcare,Papan Utama
UADI,PT UADI Indonesia Tbk,Transportation & Logistics,Papan Pengembangan
RGPG,PT RGPG Indonesia Tbk,Transportation & Logistics,Papan Pengembangan
XDIO,PT XDIO Indonesia Tbk,Basic Materials,Papan Pengembangan
GVJL,PT GVJL Indonesia Tbk,Financials,Papan Pengembangan
TWQY,PT TWQY Indonesia Tbk,Financials,Papan Pengembangan
MPLE,PT MPLE Indonesia Tbk,Infrastructures,Papan Pengembangan
RXMH,PT RXMH Indonesia Tbk,Consumer Discretionary,Papan Utama
TXXQ,PT TXXQ Indonesia Tbk,Consumer Staples,Papan Utama
IDMD,PT IDMD Indonesia Tbk,Technology,Papan Pengembangan
NMQR,PT NMQR Indonesia Tbk,Healthcare,Papan Utama
FMGI,PT FMGI Indonesia Tbk,Industrials,Papan Utama
JYRY,PT JYRY Indonesia Tbk,Technology,Papan Pengembangan
RNKZ,PT RNKZ Indonesia Tbk,Healthcare,Papan Pengembangan
YFGR,PT YFGR Indonesia Tbk,Technology,Papan Utama
PYZD,PT PYZD Indonesia Tbk,Industrials,Papan Pengembangan
MVPX,PT MVPX Indonesia Tbk,Consumer Discretionary,Papan Pengembangan
EMLA,PT EMLA Indonesia Tbk,Transportation & Logistics,Papan Pengembangan
GZFQ,PT GZFQ Indonesia Tbk,Transportation & Logistics,Papan Utama
ALVC,PT ALVC Indonesia Tbk,Properties & Real Estate,Papan Utama
DMOE,PT DMOE Indonesia Tbk,Technology,Papan Pengembangan
HCHH,PT HCHH Indonesia Tbk,Energy,Papan Utama
EJZD,PT EJZD Indonesia Tbk,Financials,Papan Pengembangan
QGKJ,PT QGKJ Indonesia Tbk,Financials,Papan Pengembangan
LXMZ,PT LXMZ Indonesia Tbk,Industrials,Papan Pengembangan
SPBT,PT SPBT Indonesia Tbk,Basic Materials,Papan Pengembangan
QVMJ,PT QVMJ Indonesia Tbk,Technology,Papan Pengembangan
